Product Name,Price,Currency,Availability,Product URL
Mercedes-Benz W123 280E 1955,228511,USD,Available: 1,https://webscraper.io/test-sites/product/mercedes-benz-w123-280e-1955-c001
BMW E24 635CSi 1954,18457,USD,Reserved,https://webscraper.io/test-sites/product/bmw-e24-635csi-1954-c002
Jaguar XJ6 1983,268210,USD,Reserved,https://webscraper.io/test-sites/product/jaguar-xj6-1983-c003
Nissan 300ZX Z31 1966,104195,USD,Sold,https://webscraper.io/test-sites/product/nissan-300zx-z31-1966-c004
Ferrari F40 1984,277672,USD,Reserved,https://webscraper.io/test-sites/product/ferrari-f40-1984-c005
Mercedes-Benz W123 280E 1972,157569,USD,Reserved,https://webscraper.io/test-sites/product/mercedes-benz-w123-280e-1972-c006
Toyota 2000GT 1970,152646,USD,Available: 5,https://webscraper.io/test-sites/product/toyota-2000gt-1970-c007
Toyota MR2 AW11 1969,91619,USD,Sold,https://webscraper.io/test-sites/product/toyota-mr2-aw11-1969-c008
Nissan 300ZX Z31 1978,174281,USD,Available: 2,https://webscraper.io/test-sites/product/nissan-300zx-z31-1978-c009
Ferrari 308 GTS 1970,153699,USD,Available: 5,https://webscraper.io/test-sites/product/ferrari-308-gts-1970-c010
Porsche 911 Carrera 1980,273100,USD,Available: 3,https://webscraper.io/test-sites/product/porsche-911-carrera-1980-c011
Ford GT40 1973,235600,USD,Sold,https://webscraper.io/test-sites/product/ford-gt40-1973-c012
Toyota AE86 Sprinter Trueno 1954,170136,USD,Sold,https://webscraper.io/test-sites/product/toyota-ae86-sprinter-trueno-1954-c013
Jaguar XJ6 1986,314641,USD,Available: 4,https://webscraper.io/test-sites/product/jaguar-xj6-1986-c014
Porsche 928 S4 1973,130792,USD,Available: 4,https://webscraper.io/test-sites/product/porsche-928-s4-1973-c015
Ford GT40 1952,333273,USD,Sold,https://webscraper.io/test-sites/product/ford-gt40-1952-c016
BMW 2002 1978,336315,USD,Reserved,https://webscraper.io/test-sites/product/bmw-2002-1978-c017
Nissan Fairlady Z (S30) 1962,125955,USD,Available: 2,https://webscraper.io/test-sites/product/nissan-fairlady-z-s30-1962-c018
BMW E28 535i 1970,126154,USD,Available: 3,https://webscraper.io/test-sites/product/bmw-e28-535i-1970-c019
Porsche 944 Turbo 1956,81049,USD,Sold,https://webscraper.io/test-sites/product/porsche-944-turbo-1956-c020
Ford Sierra Cosworth 1955,122977,USD,Available: 4,https://webscraper.io/test-sites/product/ford-sierra-cosworth-1955-c021
Ferrari F40 1953,44553,USD,Available: 4,https://webscraper.io/test-sites/product/ferrari-f40-1953-c022
Jaguar XJ6 1975,196170,USD,Available: 1,https://webscraper.io/test-sites/product/jaguar-xj6-1975-c023
Porsche 944 Turbo 1952,330964,USD,Sold,https://webscraper.io/test-sites/product/porsche-944-turbo-1952-c024
BMW E30 M3 1975,347873,USD,Available: 2,https://webscraper.io/test-sites/product/bmw-e30-m3-1975-c025
Ford Mustang Fastback 1956,86503,USD,Available: 3,https://webscraper.io/test-sites/product/ford-mustang-fastback-1956-c026
BMW E28 535i 1968,349488,USD,Sold,https://webscraper.io/test-sites/product/bmw-e28-535i-1968-c027
Mercedes-Benz SL 560 1963,140819,USD,Sold,https://webscraper.io/test-sites/product/mercedes-benz-sl-560-1963-c028
Mercedes-Benz SEC 500 1962,177703,USD,Reserved,https://webscraper.io/test-sites/product/mercedes-benz-sec-500-1962-c029
Porsche 911 Carrera 1953,303295,USD,Available: 4,https://webscraper.io/test-sites/product/porsche-911-carrera-1953-c030
Ferrari 250 GT 1959,290422,USD,Reserved,https://webscraper.io/test-sites/product/ferrari-250-gt-1959-c031
Jaguar XJ6 1982,235621,USD,Sold,https://webscraper.io/test-sites/product/jaguar-xj6-1982-c032
Ferrari F40 1951,209858,USD,Sold,https://webscraper.io/test-sites/product/ferrari-f40-1951-c033
Ford GT40 1961,69904,USD,Available: 2,https://webscraper.io/test-sites/product/ford-gt40-1961-c034
Ford Sierra Cosworth 1980,107513,USD,Available: 1,https://webscraper.io/test-sites/product/ford-sierra-cosworth-1980-c035
Porsche 944 Turbo 1982,17747,USD,Available: 3,https://webscraper.io/test-sites/product/porsche-944-turbo-1982-c036
BMW E28 535i 1978,258187,USD,Available: 1,https://webscraper.io/test-sites/product/bmw-e28-535i-1978-c037
Nissan Fairlady Z (S30) 1980,239692,USD,Sold,https://webscraper.io/test-sites/product/nissan-fairlady-z-s30-1980-c038
Nissan 300ZX Z31 1976,224552,USD,Available: 2,https://webscraper.io/test-sites/product/nissan-300zx-z31-1976-c039
Jaguar E-Type 1957,208036,USD,Available: 1,https://webscraper.io/test-sites/product/jaguar-e-type-1957-c040
Ford GT40 1972,48086,USD,Reserved,https://webscraper.io/test-sites/product/ford-gt40-1972-c041
Ford Sierra Cosworth 1980,204109,USD,Reserved,https://webscraper.io/test-sites/product/ford-sierra-cosworth-1980-c042
Nissan Skyline GT-R (KPGC10) 1971,264577,USD,Sold,https://webscraper.io/test-sites/product/nissan-skyline-gt-r-kpgc10-1971-c043
Mercedes-Benz 190E 1976,281984,USD,Reserved,https://webscraper.io/test-sites/product/mercedes-benz-190e-1976-c044
BMW E28 535i 1979,346703,USD,Available: 3,https://webscraper.io/test-sites/product/bmw-e28-535i-1979-c045
Ferrari 250 GT 1969,115563,USD,Sold,https://webscraper.io/test-sites/product/ferrari-250-gt-1969-c046
Porsche 944 Turbo 1977,105199,USD,Reserved,https://webscraper.io/test-sites/product/porsche-944-turbo-1977-c047
Mercedes-Benz SEC 500 1981,178008,USD,Sold,https://webscraper.io/test-sites/product/mercedes-benz-sec-500-1981-c048
Porsche 911 Carrera 1981,77234,USD,Sold,https://webscraper.io/test-sites/product/porsche-911-carrera-1981-c049
Jaguar XJ6 1965,94414,USD,Available: 2,https://webscraper.io/test-sites/product/jaguar-xj6-1965-c050
Jaguar E-Type 1978,349028,USD,Available: 3,https://webscraper.io/test-sites/product/jaguar-e-type-1978-c051
Ford Sierra Cosworth 1966,155193,USD,Reserved,https://webscraper.io/test-sites/product/ford-sierra-cosworth-1966-c052
Ferrari F40 1959,302521,USD,Reserved,https://webscraper.io/test-sites/product/ferrari-f40-1959-c053
Ferrari 308 GTS 1959,329084,USD,Sold,https://webscraper.io/test-sites/product/ferrari-308-gts-1959-c054
Porsche 911 Carrera 1965,293234,USD,Available: 3,https://webscraper.io/test-sites/product/porsche-911-carrera-1965-c055
Jaguar E-Type 1973,103048,USD,Sold,https://webscraper.io/test-sites/product/jaguar-e-type-1973-c056
Ford Mustang Fastback 1962,131451,USD,Reserved,https://webscraper.io/test-sites/product/ford-mustang-fastback-1962-c057
Mercedes-Benz SEC 500 1962,343370,USD,Sold,https://webscraper.io/test-sites/product/mercedes-benz-sec-500-1962-c058
Nissan Fairlady Z (S30) 1951,208956,USD,Reserved,https://webscraper.io/test-sites/product/nissan-fairlady-z-s30-1951-c059
Jaguar E-Type 1987,188315,USD,Sold,https://webscraper.io/test-sites/product/jaguar-e-type-1987-c060
Toyota MR2 AW11 1953,204066,USD,Reserved,https://webscraper.io/test-sites/product/toyota-mr2-aw11-1953-c061
Toyota AE86 Sprinter Trueno 1962,17872,USD,Reserved,https://webscraper.io/test-sites/product/toyota-ae86-sprinter-trueno-1962-c062
BMW E28 535i 1974,109962,USD,Sold,https://webscraper.io/test-sites/product/bmw-e28-535i-1974-c063
Nissan Fairlady Z (S30) 1989,44895,USD,Available: 2,https://webscraper.io/test-sites/product/nissan-fairlady-z-s30-1989-c064
Ferrari F40 1971,304752,USD,Reserved,https://webscraper.io/test-sites/product/ferrari-f40-1971-c065
Nissan 300ZX Z31 1984,136099,USD,Available: 2,https://webscraper.io/test-sites/product/nissan-300zx-z31-1984-c066
BMW E30 M3 1982,178474,USD,Available: 3,https://webscraper.io/test-sites/product/bmw-e30-m3-1982-c067
Toyota AE86 Sprinter Trueno 1952,53714,USD,Available: 1,https://webscraper.io/test-sites/product/toyota-ae86-sprinter-trueno-1952-c068
Jaguar XJ6 1954,249295,USD,Available: 3,https://webscraper.io/test-sites/product/jaguar-xj6-1954-c069
Ford GT40 1990,316585,USD,Available: 2,https://webscraper.io/test-sites/product/ford-gt40-1990-c070
Jaguar XJ-S 1985,325092,USD,Reserved,https://webscraper.io/test-sites/product/jaguar-xj-s-1985-c071
Ferrari 250 GT 1956,336014,USD,Sold,https://webscraper.io/test-sites/product/ferrari-250-gt-1956-c072
Mercedes-Benz W123 280E 1964,169116,USD,Reserved,https://webscraper.io/test-sites/product/mercedes-benz-w123-280e-1964-c073
Ferrari F40 1978,98263,USD,Sold,https://webscraper.io/test-sites/product/ferrari-f40-1978-c074
Ferrari 250 GT 1952,205986,USD,Available: 4,https://webscraper.io/test-sites/product/ferrari-250-gt-1952-c075
BMW E30 M3 1979,266205,USD,Reserved,https://webscraper.io/test-sites/product/bmw-e30-m3-1979-c076
Porsche 911 Carrera 1962,168221,USD,Sold,https://webscraper.io/test-sites/product/porsche-911-carrera-1962-c077
Nissan 300ZX Z31 1970,54668,USD,Sold,https://webscraper.io/test-sites/product/nissan-300zx-z31-1970-c078
BMW E30 M3 1962,38102,USD,Reserved,https://webscraper.io/test-sites/product/bmw-e30-m3-1962-c079
BMW 2002 1970,220508,USD,Reserved,https://webscraper.io/test-sites/product/bmw-2002-1970-c080
Ferrari 250 GT 1950,228180,USD,Reserved,https://webscraper.io/test-sites/product/ferrari-250-gt-1950-c081
Jaguar XJ6 1974,30601,USD,Reserved,https://webscraper.io/test-sites/product/jaguar-xj6-1974-c082
Ford Sierra Cosworth 1976,157822,USD,Available: 5,https://webscraper.io/test-sites/product/ford-sierra-cosworth-1976-c083
Mercedes-Benz 190E 1980,85476,USD,Reserved,https://webscraper.io/test-sites/product/mercedes-benz-190e-1980-c084
Ford Sierra Cosworth 1965,262719,USD,Reserved,https://webscraper.io/test-sites/product/ford-sierra-cosworth-1965-c085
BMW E24 635CSi 1985,88474,USD,Sold,https://webscraper.io/test-sites/product/bmw-e24-635csi-1985-c086
Ford Mustang Fastback 1977,73056,USD,Available: 4,https://webscraper.io/test-sites/product/ford-mustang-fastback-1977-c087
Mercedes-Benz SEC 500 1965,265704,USD,Sold,https://webscraper.io/test-sites/product/mercedes-benz-sec-500-1965-c088
BMW E28 535i 1959,245217,USD,Sold,https://webscraper.io/test-sites/product/bmw-e28-535i-1959-c089
Mercedes-Benz SL 560 1979,297732,USD,Sold,https://webscraper.io/test-sites/product/mercedes-benz-sl-560-1979-c090
BMW 2002 1974,58380,USD,Reserved,https://webscraper.io/test-sites/product/bmw-2002-1974-c091
Jaguar XJ6 1973,282023,USD,Available: 5,https://webscraper.io/test-sites/product/jaguar-xj6-1973-c092
Toyota MR2 AW11 1952,265373,USD,Sold,https://webscraper.io/test-sites/product/toyota-mr2-aw11-1952-c093
Porsche 356 1973,188422,USD,Available: 5,https://webscraper.io/test-sites/product/porsche-356-1973-c094
BMW E30 M3 1989,258239,USD,Available: 2,https://webscraper.io/test-sites/product/bmw-e30-m3-1989-c095
Ford Sierra Cosworth 1985,157520,USD,Sold,https://webscraper.io/test-sites/product/ford-sierra-cosworth-1985-c096
Porsche 928 S4 1971,212637,USD,Available: 2,https://webscraper.io/test-sites/product/porsche-928-s4-1971-c097
Ford Sierra Cosworth 1951,106642,USD,Available: 2,https://webscraper.io/test-sites/product/ford-sierra-cosworth-1951-c098
Porsche 911 Carrera 1957,221588,USD,Available: 5,https://webscraper.io/test-sites/product/porsche-911-carrera-1957-c099
Ford GT40 1989,34655,USD,Reserved,https://webscraper.io/test-sites/product/ford-gt40-1989-c100
